product_id,product_name,category,unit_price,active_flag
PROD_1000,Fully-configurable 5thgeneration task-force,Electronics,12.83,True
PROD_1001,Progressive national implementation,Home & Kitchen,53.17,True
PROD_1002,Digitized optimal leverage,Beauty,38.65,True
PROD_1003,Streamlined 24/7 hardware,Electronics,35.99,True
PROD_1004,Focused solution-oriented website,Electronics,251.37,True
PROD_1005,Synchronized asymmetric productivity,Beauty,200.3,True
PROD_1006,Open-architected intangible strategy,Home & Kitchen,287.63,True
PROD_1007,Mandatory stable website,Electronics,248.6,False
PROD_1008,User-friendly web-enabled software,Electronics,223.6,True
PROD_1009,Future-proofed real-time process improvement,Home & Kitchen,216.42,True
PROD_1010,De-engineered explicit projection,Beauty,227.73,False
PROD_1011,Devolved zero administration projection,Clothing,89.92,True
PROD_1012,Profound solution-oriented intranet,Home & Kitchen,281.17,False
PROD_1013,Automated zero administration software,Electronics,157.13,True
PROD_1014,Function-based even-keeled collaboration,Home & Kitchen,139.78,False
PROD_1015,Persevering object-oriented Graphical User Interface,Clothing,62.18,True
PROD_1016,Phased stable support,Beauty,144.64,False
PROD_1017,Synchronized attitude-oriented flexibility,Clothing,114.25,True
PROD_1018,Synergized uniform encryption,Sports,160.39,False
PROD_1019,Fully-configurable grid-enabled circuit,Clothing,127.18,True
PROD_1020,Implemented 24hour Local Area Network,Clothing,192.66,False
PROD_1021,Switchable executive benchmark,Home & Kitchen,199.63,False
PROD_1022,Assimilated logistical access,Beauty,253.53,False
PROD_1023,Object-based content-based support,Home & Kitchen,219.44,True
PROD_1024,Fully-configurable cohesive intranet,Beauty,84.91,False
PROD_1025,Secured object-oriented forecast,Electronics,252.78,True
PROD_1026,Organized systematic approach,Clothing,35.86,True
PROD_1027,Assimilated static instruction set,Clothing,91.99,True
PROD_1028,Configurable national standardization,Electronics,231.0,True
PROD_1029,Cross-platform stable projection,Clothing,8.34,True
PROD_1030,Triple-buffered multi-state product,Home & Kitchen,211.44,True
PROD_1031,Networked fault-tolerant solution,Sports,51.65,True
PROD_1032,Synergistic radical support,Electronics,11.22,True
PROD_1033,Innovative attitude-oriented leverage,Sports,253.55,True
PROD_1034,Advanced demand-driven concept,Home & Kitchen,281.36,True
PROD_1035,Optional directional core,Electronics,181.1,False
PROD_1036,Open-architected systemic moratorium,Home & Kitchen,256.95,False
PROD_1037,Open-source explicit ability,Beauty,193.83,True
PROD_1038,Organized motivating open architecture,Clothing,246.28,True
PROD_1039,Enterprise-wide dynamic functionalities,Sports,108.16,True
PROD_1040,Upgradable contextually-based collaboration,Home & Kitchen,203.43,True
PROD_1041,Pre-emptive motivating hardware,Home & Kitchen,62.85,True
PROD_1042,Optimized cohesive ability,Clothing,221.85,True
PROD_1043,Pre-emptive 6thgeneration flexibility,Electronics,272.44,True
PROD_1044,Progressive human-resource framework,Home & Kitchen,83.38,True
PROD_1045,Phased mission-critical intranet,Beauty,184.73,True
PROD_1046,Focused homogeneous conglomeration,Sports,47.82,True
PROD_1047,Business-focused systemic product,Sports,29.0,True
PROD_1048,Enterprise-wide background database,Electronics,91.0,True
PROD_1049,Team-oriented intermediate adapter,Clothing,39.42,False
PROD_1050,Reactive demand-driven protocol,Beauty,35.24,True
PROD_1051,Total tertiary archive,Home & Kitchen,195.97,True
PROD_1052,Optimized regional policy,Home & Kitchen,23.47,False
PROD_1053,Centralized neutral middleware,Electronics,197.15,False
PROD_1054,Proactive 6thgeneration forecast,Beauty,11.3,True
PROD_1055,De-engineered 4thgeneration orchestration,Beauty,66.4,True
PROD_1056,Integrated scalable analyzer,Home & Kitchen,293.39,True
PROD_1057,Streamlined zero administration time-frame,Beauty,53.12,True
PROD_1058,Right-sized transitional migration,Sports,107.54,True
PROD_1059,Monitored directional extranet,Home & Kitchen,100.21,True
PROD_1060,Optimized incremental artificial intelligence,Beauty,249.08,True
PROD_1061,Sharable mission-critical forecast,Electronics,227.19,True
PROD_1062,Multi-channeled optimizing process improvement,Electronics,112.11,True
PROD_1063,Reactive contextually-based interface,Home & Kitchen,146.85,True
PROD_1064,Secured heuristic open architecture,Sports,141.57,True
PROD_1065,Programmable bi-directional frame,Sports,272.74,False
PROD_1066,Intuitive demand-driven implementation,Sports,100.26,True
PROD_1067,Progressive scalable hub,Clothing,175.92,False
PROD_1068,De-engineered 5thgeneration product,Home & Kitchen,189.2,True
PROD_1069,Function-based 5thgeneration conglomeration,Home & Kitchen,119.14,True
PROD_1070,Team-oriented national core,Home & Kitchen,86.73,True
PROD_1071,Persevering responsive moratorium,Sports,173.74,True
PROD_1072,Pre-emptive object-oriented flexibility,Clothing,172.73,True
PROD_1073,Phased intermediate policy,Electronics,171.92,True
PROD_1074,Synergistic attitude-oriented info-mediaries,Clothing,86.0,True
PROD_1075,User-friendly multimedia forecast,Beauty,174.59,True
PROD_1076,Multi-lateral fresh-thinking hardware,Clothing,63.96,True
PROD_1077,Virtual 24/7 open architecture,Beauty,29.19,True
PROD_1078,Sharable systemic moratorium,Home & Kitchen,163.21,True
PROD_1079,Expanded global throughput,Clothing,228.75,True
PROD_1080,Ameliorated didactic standardization,Home & Kitchen,120.03,False
PROD_1081,Advanced encompassing help-desk,Clothing,280.87,False
PROD_1082,Reverse-engineered contextually-based hardware,Electronics,210.4,True
PROD_1083,Intuitive solution-oriented capacity,Clothing,87.11,False
PROD_1084,Advanced needs-based open architecture,Electronics,225.0,True
PROD_1085,Sharable global open architecture,Electronics,209.22,True
PROD_1086,Open-architected tangible encryption,Home & Kitchen,42.45,True
PROD_1087,Reactive reciprocal collaboration,Sports,25.4,True
PROD_1088,Extended secondary moratorium,Clothing,88.54,True
PROD_1089,Operative composite migration,Sports,33.34,False
PROD_1090,Pre-emptive next generation utilization,Electronics,198.97,True
PROD_1091,Advanced dedicated benchmark,Home & Kitchen,82.88,True
PROD_1092,Fully-configurable interactive capacity,Electronics,213.85,True
PROD_1093,Fundamental local support,Sports,40.51,True
PROD_1094,Reverse-engineered zero-defect alliance,Beauty,69.04,True
PROD_1095,Networked dynamic moderator,Clothing,61.94,False
PROD_1096,Front-line stable approach,Home & Kitchen,25.87,True
PROD_1097,Multi-layered even-keeled hierarchy,Sports,68.07,True
PROD_1098,Compatible eco-centric conglomeration,Home & Kitchen,52.8,False
PROD_1099,Face-to-face directional encoding,Home & Kitchen,47.84,True
PROD_1100,Compatible fault-tolerant artificial intelligence,Home & Kitchen,280.66,True
PROD_1101,Operative client-server emulation,Home & Kitchen,211.47,True
PROD_1102,Optional disintermediate policy,Beauty,114.25,True
PROD_1103,Total bifurcated firmware,Home & Kitchen,95.32,True
PROD_1104,Team-oriented motivating access,Electronics,154.13,True
PROD_1105,Networked hybrid customer loyalty,Sports,5.69,True
PROD_1106,Inverse bi-directional orchestration,Home & Kitchen,60.09,True
PROD_1107,Proactive zero-defect moratorium,Beauty,155.05,True
PROD_1108,Operative static challenge,Clothing,87.02,False
PROD_1109,Triple-buffered needs-based projection,Electronics,180.71,False
PROD_1110,Ergonomic motivating challenge,Electronics,155.4,False
PROD_1111,Quality-focused zero-defect core,Electronics,168.18,True
PROD_1112,Team-oriented dynamic standardization,Electronics,40.92,True
PROD_1113,Organic bandwidth-monitored support,Electronics,222.96,True
PROD_1114,Managed clear-thinking system engine,Beauty,80.68,True
PROD_1115,Profit-focused bandwidth-monitored orchestration,Home & Kitchen,267.46,True
PROD_1116,Distributed demand-driven portal,Clothing,244.98,False
PROD_1117,Fundamental zero-defect hub,Electronics,115.74,False
PROD_1118,Digitized dynamic array,Home & Kitchen,50.42,True
PROD_1119,Down-sized responsive Graphical User Interface,Clothing,27.53,False
PROD_1120,Extended responsive database,Electronics,39.35,True
PROD_1121,Advanced grid-enabled neural-net,Clothing,225.36,True
PROD_1122,Implemented solution-oriented solution,Beauty,27.98,False
PROD_1123,Robust zero tolerance Graphic Interface,Clothing,201.67,True
PROD_1124,Monitored foreground matrix,Beauty,119.73,False
PROD_1125,Re-contextualized neutral solution,Electronics,288.12,True
PROD_1126,Diverse fresh-thinking customer loyalty,Home & Kitchen,196.82,True
PROD_1127,Multi-lateral modular encoding,Clothing,81.03,True
PROD_1128,Multi-tiered fresh-thinking neural-net,Clothing,133.12,True
PROD_1129,User-centric homogeneous capability,Clothing,286.3,True
PROD_1130,Multi-layered even-keeled conglomeration,Sports,278.45,False
PROD_1131,Digitized systemic time-frame,Beauty,208.49,False
PROD_1132,Versatile fresh-thinking extranet,Sports,174.35,True
PROD_1133,Phased static policy,Clothing,261.62,True
PROD_1134,Enterprise-wide zero-defect functionalities,Electronics,27.17,True
PROD_1135,Customizable actuating parallelism,Home & Kitchen,90.68,True
PROD_1136,Phased homogeneous solution,Clothing,12.78,True
PROD_1137,Switchable static function,Clothing,50.88,True
PROD_1138,De-engineered background solution,Home & Kitchen,135.06,True
PROD_1139,Optional motivating emulation,Sports,261.95,True
PROD_1140,Robust real-time extranet,Electronics,231.35,True
PROD_1141,Optional neutral system engine,Electronics,286.68,True
PROD_1142,Upgradable multi-tasking projection,Beauty,107.93,True
PROD_1143,Automated zero tolerance focus group,Sports,80.12,True
PROD_1144,Self-enabling system-worthy matrices,Electronics,186.62,True
PROD_1145,Operative homogeneous function,Electronics,227.46,True
PROD_1146,Universal uniform flexibility,Home & Kitchen,116.36,True
PROD_1147,Quality-focused transitional structure,Home & Kitchen,171.27,True
PROD_1148,Open-architected 24hour functionalities,Beauty,237.16,True
PROD_1149,Visionary attitude-oriented frame,Electronics,92.99,False
PROD_1150,Profound 5thgeneration Graphic Interface,Electronics,169.09,True
PROD_1151,Integrated composite intranet,Clothing,61.62,False
PROD_1152,Universal foreground definition,Sports,134.79,True
PROD_1153,Ameliorated transitional open architecture,Sports,146.89,True
PROD_1154,Balanced intermediate moratorium,Clothing,103.22,True
PROD_1155,Inverse empowering toolset,Beauty,122.49,True
PROD_1156,Business-focused 6thgeneration product,Beauty,186.91,False
PROD_1157,Persistent radical knowledgebase,Beauty,50.56,True
PROD_1158,Robust leadingedge implementation,Home & Kitchen,235.6,True
PROD_1159,Organic upward-trending service-desk,Clothing,102.57,False
PROD_1160,Realigned intangible migration,Beauty,214.26,True
PROD_1161,Business-focused multi-tasking info-mediaries,Home & Kitchen,126.13,True
PROD_1162,Implemented responsive contingency,Sports,131.43,False
PROD_1163,Decentralized homogeneous adapter,Clothing,135.3,True
PROD_1164,Organized grid-enabled capacity,Clothing,120.41,True
PROD_1165,Reverse-engineered dynamic contingency,Sports,285.21,True
PROD_1166,Operative even-keeled model,Clothing,267.58,True
PROD_1167,Open-source background utilization,Electronics,48.07,True
PROD_1168,Fundamental interactive extranet,Clothing,247.42,False
PROD_1169,Phased stable superstructure,Electronics,70.15,True
PROD_1170,Inverse cohesive concept,Sports,218.7,True
PROD_1171,Centralized even-keeled portal,Home & Kitchen,63.44,True
PROD_1172,Ergonomic user-facing software,Home & Kitchen,186.19,False
PROD_1173,Pre-emptive 4thgeneration hardware,Electronics,263.22,True
PROD_1174,Polarized contextually-based Internet solution,Electronics,117.78,True
PROD_1175,Total zero tolerance initiative,Clothing,16.91,True
PROD_1176,Cross-platform transitional groupware,Home & Kitchen,155.33,True
PROD_1177,Reduced transitional service-desk,Electronics,78.56,True
PROD_1178,Self-enabling exuding concept,Home & Kitchen,146.27,False
PROD_1179,Enhanced interactive alliance,Clothing,281.86,True
PROD_1180,Down-sized fresh-thinking implementation,Home & Kitchen,223.18,True
PROD_1181,Organic optimal pricing structure,Sports,20.78,False
PROD_1182,Virtual bandwidth-monitored data-warehouse,Sports,204.25,False
PROD_1183,Decentralized modular service-desk,Clothing,86.84,True
PROD_1184,Stand-alone tangible success,Beauty,72.6,True
PROD_1185,Operative static array,Beauty,116.29,False
PROD_1186,Implemented real-time toolset,Clothing,283.88,False
PROD_1187,Multi-channeled optimizing service-desk,Electronics,294.21,False
PROD_1188,Synchronized explicit structure,Home & Kitchen,39.62,True
PROD_1189,Organic client-driven frame,Beauty,186.83,False
PROD_1190,Self-enabling zero tolerance hub,Home & Kitchen,178.69,False
PROD_1191,Devolved contextually-based firmware,Home & Kitchen,206.39,True
PROD_1192,Organic asynchronous product,Electronics,200.37,True
PROD_1193,Fully-configurable full-range knowledge user,Home & Kitchen,254.68,False
PROD_1194,Realigned foreground parallelism,Beauty,282.93,True
PROD_1195,Total clear-thinking orchestration,Clothing,288.45,True
PROD_1196,Advanced mission-critical infrastructure,Beauty,278.2,False
PROD_1197,Networked multi-state alliance,Electronics,126.38,True
PROD_1198,Mandatory full-range challenge,Beauty,67.91,True
PROD_1199,Mandatory didactic matrix,Clothing,286.56,True
PROD_1200,User-friendly static standardization,Clothing,179.51,True
PROD_1201,User-centric context-sensitive capability,Electronics,127.11,True
PROD_1202,Multi-tiered 24/7 customer loyalty,Sports,205.17,True
PROD_1203,Sharable methodical algorithm,Home & Kitchen,190.01,True
PROD_1204,Exclusive coherent knowledgebase,Home & Kitchen,286.81,True
PROD_1205,Proactive fault-tolerant array,Home & Kitchen,119.86,False
PROD_1206,Expanded full-range initiative,Beauty,145.43,True
PROD_1207,Realigned encompassing frame,Home & Kitchen,63.53,True
PROD_1208,Profound solution-oriented alliance,Home & Kitchen,229.6,False
PROD_1209,User-centric multimedia process improvement,Clothing,204.5,True
PROD_1210,Advanced bifurcated info-mediaries,Sports,42.97,True
PROD_1211,Exclusive demand-driven installation,Sports,136.07,True
PROD_1212,Optional tangible circuit,Electronics,278.22,False
PROD_1213,Digitized disintermediate forecast,Sports,5.08,True
PROD_1214,Cross-group background open system,Clothing,248.31,True
PROD_1215,Enterprise-wide dynamic capacity,Clothing,249.71,True
PROD_1216,Centralized discrete interface,Sports,203.32,True
PROD_1217,Proactive systemic support,Beauty,30.39,True
PROD_1218,Synchronized object-oriented product,Clothing,198.88,False
PROD_1219,Open-source value-added software,Home & Kitchen,291.89,True
PROD_1220,Future-proofed asynchronous extranet,Electronics,192.48,False
PROD_1221,Enterprise-wide local circuit,Home & Kitchen,156.06,False
PROD_1222,Enterprise-wide eco-centric model,Sports,217.38,True
PROD_1223,Optimized global process improvement,Home & Kitchen,224.61,False
PROD_1224,Down-sized fault-tolerant hierarchy,Electronics,56.66,True
PROD_1225,Profit-focused clear-thinking Local Area Network,Beauty,116.19,True
PROD_1226,Profit-focused human-resource complexity,Sports,260.44,True
PROD_1227,Total real-time circuit,Home & Kitchen,209.08,False
PROD_1228,Balanced non-volatile hierarchy,Home & Kitchen,193.87,True
PROD_1229,Triple-buffered discrete strategy,Sports,261.24,True
PROD_1230,Total systemic collaboration,Clothing,203.62,True
PROD_1231,Ameliorated content-based toolset,Sports,66.7,True
PROD_1232,Cross-group incremental portal,Electronics,163.39,True
PROD_1233,Ergonomic mobile orchestration,Clothing,156.71,True
PROD_1234,Profound holistic projection,Beauty,291.32,True
PROD_1235,Adaptive motivating installation,Electronics,197.44,True
PROD_1236,Future-proofed needs-based standardization,Home & Kitchen,219.34,True
PROD_1237,Down-sized bifurcated architecture,Electronics,238.41,True
PROD_1238,Reverse-engineered empowering encryption,Sports,185.22,True
PROD_1239,Ergonomic analyzing open system,Sports,274.18,True
PROD_1240,Operative tangible ability,Beauty,240.54,True
PROD_1241,Business-focused bi-directional access,Electronics,142.46,False
PROD_1242,Focused attitude-oriented benchmark,Electronics,134.67,True
PROD_1243,Re-engineered neutral ability,Home & Kitchen,204.68,True
PROD_1244,Robust responsive workforce,Clothing,6.14,True
PROD_1245,Polarized multimedia help-desk,Home & Kitchen,230.9,False
PROD_1246,Up-sized dynamic application,Beauty,188.83,False
PROD_1247,Streamlined responsive artificial intelligence,Electronics,251.54,False
PROD_1248,Open-source attitude-oriented Local Area Network,Electronics,125.73,False
PROD_1249,Intuitive intangible neural-net,Home & Kitchen,37.79,True
PROD_1250,Universal real-time firmware,Clothing,98.8,True
PROD_1251,Optimized optimal hardware,Electronics,248.76,False
PROD_1252,Operative exuding initiative,Clothing,67.88,False
PROD_1253,Object-based 3rdgeneration structure,Sports,29.67,True
PROD_1254,Profit-focused scalable process improvement,Home & Kitchen,79.86,True
PROD_1255,Sharable neutral database,Electronics,166.95,False
PROD_1256,Exclusive neutral application,Sports,69.37,True
PROD_1257,Polarized 24/7 monitoring,Sports,264.94,True
PROD_1258,Persevering heuristic emulation,Electronics,222.06,False
PROD_1259,Triple-buffered disintermediate pricing structure,Sports,297.25,False
PROD_1260,Visionary grid-enabled artificial intelligence,Home & Kitchen,52.18,True
PROD_1261,Organized responsive algorithm,Beauty,148.64,True
PROD_1262,Secured mobile Internet solution,Electronics,222.78,True
PROD_1263,Front-line non-volatile Local Area Network,Home & Kitchen,35.81,True
PROD_1264,Seamless global array,Electronics,266.1,True
PROD_1265,User-centric value-added data-warehouse,Beauty,9.99,False
PROD_1266,Networked bandwidth-monitored frame,Clothing,106.44,True
PROD_1267,Expanded secondary matrices,Clothing,190.31,False
PROD_1268,Virtual content-based open system,Sports,33.64,True
PROD_1269,Enterprise-wide needs-based neural-net,Beauty,221.46,True
PROD_1270,Adaptive mission-critical product,Sports,43.9,False
PROD_1271,Stand-alone holistic data-warehouse,Home & Kitchen,265.69,True
PROD_1272,Object-based directional product,Beauty,169.09,True
PROD_1273,Automated actuating conglomeration,Sports,68.31,True
PROD_1274,Synergized coherent approach,Beauty,5.9,True
PROD_1275,Programmable secondary frame,Beauty,149.07,True
PROD_1276,Realigned scalable customer loyalty,Sports,215.25,False
PROD_1277,Cloned maximized methodology,Beauty,127.04,True
PROD_1278,Right-sized disintermediate website,Beauty,82.84,True
PROD_1279,Compatible multi-state emulation,Home & Kitchen,146.22,False
PROD_1280,Centralized tertiary focus group,Beauty,256.59,False
PROD_1281,User-centric directional info-mediaries,Home & Kitchen,239.73,True
PROD_1282,Implemented 5thgeneration protocol,Home & Kitchen,14.19,False
PROD_1283,Pre-emptive asymmetric architecture,Beauty,133.84,True
PROD_1284,Profound systemic emulation,Clothing,287.2,True
PROD_1285,Phased discrete contingency,Sports,51.45,False
PROD_1286,Cross-platform even-keeled moratorium,Electronics,261.75,True
PROD_1287,Business-focused zero administration interface,Clothing,73.21,True
PROD_1288,Right-sized heuristic instruction set,Clothing,179.52,False
PROD_1289,Adaptive local process improvement,Home & Kitchen,96.88,True
PROD_1290,Multi-channeled stable superstructure,Sports,132.67,True
PROD_1291,Quality-focused object-oriented knowledge user,Electronics,207.66,True
PROD_1292,Profit-focused 24/7 implementation,Clothing,295.88,True
PROD_1293,Down-sized bottom-line matrix,Home & Kitchen,280.52,True
PROD_1294,Operative motivating success,Home & Kitchen,283.92,False
PROD_1295,Multi-channeled heuristic secured line,Clothing,275.25,True
PROD_1296,Digitized upward-trending methodology,Beauty,260.61,True
PROD_1297,Compatible responsive utilization,Sports,77.31,True
PROD_1298,Up-sized local protocol,Beauty,120.54,False
PROD_1299,Advanced high-level hierarchy,Electronics,299.17,False
PROD_1300,Advanced eco-centric parallelism,Clothing,273.5,True
PROD_1301,Focused contextually-based matrices,Home & Kitchen,195.75,True
PROD_1302,Self-enabling value-added encoding,Electronics,139.55,False
PROD_1303,Polarized encompassing customer loyalty,Electronics,253.24,True
PROD_1304,Diverse dynamic concept,Electronics,65.23,True
PROD_1305,Programmable fault-tolerant model,Electronics,194.9,True
PROD_1306,Managed impactful methodology,Sports,68.93,True
PROD_1307,Sharable leadingedge database,Clothing,38.64,True
PROD_1308,Customizable responsive Graphical User Interface,Electronics,175.57,True
PROD_1309,Programmable methodical forecast,Home & Kitchen,162.14,True
PROD_1310,Front-line mission-critical functionalities,Home & Kitchen,231.73,True
PROD_1311,Inverse 24/7 initiative,Home & Kitchen,217.99,True
PROD_1312,Realigned mobile forecast,Sports,55.84,False
PROD_1313,Multi-channeled didactic solution,Clothing,244.92,False
PROD_1314,Triple-buffered client-driven archive,Sports,266.48,False
PROD_1315,Open-source bottom-line software,Home & Kitchen,151.38,True
PROD_1316,Networked contextually-based workforce,Sports,163.72,False
PROD_1317,Synergized responsive toolset,Clothing,231.5,True
PROD_1318,Monitored explicit budgetary management,Clothing,49.74,True
PROD_1319,Enterprise-wide hybrid toolset,Beauty,20.32,True
PROD_1320,Automated heuristic Local Area Network,Sports,38.73,True
PROD_1321,Implemented stable circuit,Electronics,294.18,True
PROD_1322,Decentralized uniform extranet,Beauty,25.32,False
PROD_1323,Face-to-face interactive analyzer,Clothing,193.84,False
PROD_1324,Universal dynamic superstructure,Home & Kitchen,89.86,True
PROD_1325,Public-key human-resource leverage,Sports,48.07,True
PROD_1326,Vision-oriented mobile concept,Beauty,74.14,False
PROD_1327,Fully-configurable methodical contingency,Beauty,138.16,False
PROD_1328,Face-to-face mobile open architecture,Clothing,278.4,True
PROD_1329,Phased radical open architecture,Home & Kitchen,192.19,False
PROD_1330,Inverse tertiary workforce,Clothing,292.27,True
PROD_1331,Upgradable bi-directional project,Electronics,116.36,True
PROD_1332,Persevering modular encryption,Electronics,221.17,False
PROD_1333,Quality-focused bottom-line website,Home & Kitchen,248.74,True
PROD_1334,Exclusive scalable framework,Sports,291.02,False
PROD_1335,Upgradable object-oriented capability,Home & Kitchen,204.72,False
PROD_1336,Synergized tangible monitoring,Clothing,238.8,True
PROD_1337,Advanced content-based installation,Clothing,57.63,True
PROD_1338,Multi-lateral explicit Internet solution,Beauty,257.07,True
PROD_1339,Upgradable didactic interface,Beauty,81.43,True
PROD_1340,Intuitive explicit methodology,Electronics,258.74,False
PROD_1341,Assimilated fault-tolerant implementation,Clothing,271.69,True
PROD_1342,Stand-alone maximized policy,Beauty,232.48,True
PROD_1343,Configurable homogeneous task-force,Beauty,284.91,False
PROD_1344,Innovative multi-state matrix,Home & Kitchen,192.64,True
PROD_1345,Reactive high-level task-force,Home & Kitchen,251.38,False
PROD_1346,Virtual zero administration adapter,Beauty,30.24,False
PROD_1347,Enterprise-wide uniform standardization,Sports,6.05,True
PROD_1348,Distributed homogeneous challenge,Clothing,178.75,True
PROD_1349,Decentralized heuristic secured line,Sports,10.22,True
PROD_1350,Right-sized tangible open architecture,Beauty,160.69,False
PROD_1351,Grass-roots next generation approach,Beauty,183.32,False
PROD_1352,Focused disintermediate adapter,Sports,189.88,True
PROD_1353,Synchronized zero administration matrices,Sports,21.57,True
PROD_1354,Quality-focused explicit ability,Clothing,8.69,True
PROD_1355,Adaptive 24hour leverage,Sports,228.51,False
PROD_1356,Advanced 6thgeneration definition,Home & Kitchen,215.12,True
PROD_1357,Universal actuating emulation,Clothing,288.11,True
PROD_1358,Virtual global circuit,Beauty,45.69,True
PROD_1359,Self-enabling encompassing structure,Sports,283.72,True
PROD_1360,Right-sized web-enabled conglomeration,Electronics,64.56,True
PROD_1361,Vision-oriented mobile matrix,Home & Kitchen,246.34,True
PROD_1362,Team-oriented responsive encryption,Home & Kitchen,26.49,True
PROD_1363,Re-contextualized neutral interface,Clothing,298.83,True
PROD_1364,Phased demand-driven support,Electronics,191.71,True
PROD_1365,Proactive heuristic intranet,Beauty,251.92,True
PROD_1366,Cross-group tertiary orchestration,Beauty,203.71,True
PROD_1367,Fundamental homogeneous project,Clothing,175.26,False
PROD_1368,Ergonomic responsive approach,Beauty,92.85,True
PROD_1369,User-friendly 3rdgeneration functionalities,Clothing,174.78,True
PROD_1370,Expanded well-modulated adapter,Beauty,15.39,True
PROD_1371,User-friendly high-level data-warehouse,Home & Kitchen,295.33,True
PROD_1372,Ergonomic reciprocal migration,Sports,229.99,True
PROD_1373,Polarized foreground paradigm,Electronics,228.98,True
PROD_1374,Mandatory systematic hardware,Beauty,179.39,True
PROD_1375,Realigned encompassing concept,Electronics,26.04,False
PROD_1376,Managed encompassing groupware,Electronics,171.92,True
PROD_1377,Centralized asymmetric support,Home & Kitchen,185.53,True
PROD_1378,Balanced bifurcated groupware,Beauty,42.17,True
PROD_1379,Cloned demand-driven success,Sports,134.99,True
PROD_1380,Realigned uniform core,Electronics,178.34,True
PROD_1381,Reduced foreground array,Clothing,193.44,True
PROD_1382,Polarized asymmetric function,Clothing,101.91,False
PROD_1383,Re-contextualized uniform artificial intelligence,Home & Kitchen,139.47,True
PROD_1384,Re-engineered systemic paradigm,Home & Kitchen,26.03,True
PROD_1385,Multi-channeled modular middleware,Home & Kitchen,132.38,True
PROD_1386,Robust object-oriented definition,Clothing,175.54,True
PROD_1387,Multi-tiered content-based throughput,Clothing,134.83,True
PROD_1388,Sharable high-level parallelism,Sports,201.45,True
PROD_1389,Reduced web-enabled Local Area Network,Electronics,163.03,True
PROD_1390,Open-architected 4thgeneration database,Electronics,198.16,False
PROD_1391,Horizontal 24/7 circuit,Beauty,266.18,True
PROD_1392,Synchronized full-range challenge,Electronics,51.27,True
PROD_1393,Assimilated real-time solution,Electronics,171.57,False
PROD_1394,Re-engineered 24/7 forecast,Beauty,263.86,True
PROD_1395,Phased multi-state intranet,Home & Kitchen,96.6,True
PROD_1396,Automated empowering synergy,Beauty,73.08,True
PROD_1397,Function-based multi-tasking data-warehouse,Home & Kitchen,130.92,True
PROD_1398,Secured optimal array,Beauty,154.34,False
PROD_1399,Seamless heuristic forecast,Clothing,93.74,False
PROD_1400,Integrated zero tolerance solution,Beauty,168.38,True
PROD_1401,Reactive intangible firmware,Home & Kitchen,80.9,True
PROD_1402,Adaptive leadingedge time-frame,Beauty,176.92,True
PROD_1403,Up-sized non-volatile support,Beauty,71.34,True
PROD_1404,Progressive zero administration initiative,Electronics,22.52,True
PROD_1405,Progressive didactic Graphical User Interface,Sports,254.73,True
PROD_1406,Innovative attitude-oriented encoding,Clothing,281.0,True
PROD_1407,Organic directional time-frame,Beauty,109.0,True
PROD_1408,Multi-channeled methodical standardization,Electronics,17.99,True
PROD_1409,Realigned needs-based website,Beauty,243.08,False
PROD_1410,Quality-focused client-server moratorium,Clothing,143.24,True
PROD_1411,Compatible mission-critical protocol,Beauty,191.85,True
PROD_1412,User-centric 5thgeneration structure,Sports,189.99,False
PROD_1413,Public-key 6thgeneration info-mediaries,Sports,280.02,True
PROD_1414,De-engineered upward-trending algorithm,Electronics,230.39,True
PROD_1415,Universal 6thgeneration service-desk,Clothing,128.87,True
PROD_1416,Re-contextualized demand-driven architecture,Clothing,21.76,True
PROD_1417,Fully-configurable executive infrastructure,Sports,206.63,True
PROD_1418,Monitored client-driven Internet solution,Home & Kitchen,76.8,True
PROD_1419,Polarized bifurcated circuit,Clothing,92.42,True
PROD_1420,Innovative uniform forecast,Home & Kitchen,54.33,True
PROD_1421,Synergized cohesive migration,Beauty,226.41,True
PROD_1422,De-engineered stable circuit,Beauty,223.87,True
PROD_1423,Streamlined solution-oriented functionalities,Beauty,247.52,True
PROD_1424,Business-focused even-keeled info-mediaries,Sports,278.25,True
PROD_1425,Business-focused background standardization,Electronics,284.2,True
PROD_1426,Stand-alone needs-based challenge,Electronics,85.93,True
PROD_1427,Stand-alone multi-tasking emulation,Sports,141.73,True
PROD_1428,Focused zero administration Internet solution,Sports,233.99,False
PROD_1429,Enhanced regional encoding,Clothing,198.53,True
PROD_1430,Extended 6thgeneration workforce,Clothing,241.57,True
PROD_1431,Cloned real-time methodology,Electronics,132.68,False
PROD_1432,User-friendly upward-trending success,Sports,129.88,False
PROD_1433,Ergonomic full-range Internet solution,Electronics,256.5,True
PROD_1434,Operative intermediate middleware,Beauty,171.76,True
PROD_1435,Enhanced demand-driven implementation,Sports,30.59,True
PROD_1436,Fully-configurable bandwidth-monitored methodology,Beauty,87.66,True
PROD_1437,Multi-tiered bifurcated protocol,Clothing,59.15,True
PROD_1438,Multi-tiered zero administration service-desk,Electronics,272.52,True
PROD_1439,Switchable secondary function,Beauty,268.08,True
PROD_1440,Diverse optimal encryption,Clothing,40.01,True
PROD_1441,Centralized discrete project,Home & Kitchen,204.99,False
PROD_1442,Multi-layered 6thgeneration capability,Electronics,111.3,False
PROD_1443,Grass-roots upward-trending structure,Beauty,10.28,True
PROD_1444,Profit-focused high-level extranet,Home & Kitchen,76.36,False
PROD_1445,Total national analyzer,Sports,276.33,False
PROD_1446,Automated regional contingency,Electronics,58.63,False
PROD_1447,Stand-alone optimal methodology,Clothing,194.64,True
PROD_1448,Inverse radical algorithm,Sports,213.13,True
PROD_1449,Total asymmetric help-desk,Electronics,161.56,True
PROD_1450,Ameliorated leadingedge website,Sports,199.15,True
PROD_1451,Reactive content-based leverage,Home & Kitchen,85.2,True
PROD_1452,Ergonomic global installation,Clothing,71.12,True
PROD_1453,Virtual bifurcated circuit,Clothing,139.2,True
PROD_1454,Optional impactful core,Electronics,253.8,True
PROD_1455,Universal explicit focus group,Home & Kitchen,133.39,False
PROD_1456,Front-line human-resource application,Electronics,181.1,True
PROD_1457,Up-sized uniform paradigm,Electronics,28.09,True
PROD_1458,Upgradable coherent firmware,Electronics,192.33,True
PROD_1459,Virtual user-facing hardware,Sports,159.51,True
PROD_1460,Centralized incremental open system,Sports,152.77,False
PROD_1461,Focused motivating infrastructure,Home & Kitchen,256.7,True
PROD_1462,Configurable non-volatile implementation,Home & Kitchen,92.93,True
PROD_1463,Down-sized multi-tasking info-mediaries,Sports,274.55,True
PROD_1464,Team-oriented mission-critical open architecture,Sports,119.15,True
PROD_1465,Exclusive web-enabled synergy,Home & Kitchen,198.69,True
PROD_1466,Down-sized logistical task-force,Clothing,22.37,False
PROD_1467,Phased solution-oriented adapter,Sports,244.29,True
PROD_1468,Integrated asynchronous strategy,Sports,232.14,True
PROD_1469,Robust cohesive website,Electronics,204.86,True
PROD_1470,Phased dedicated flexibility,Home & Kitchen,195.97,True
PROD_1471,Expanded bifurcated moderator,Beauty,246.2,True
PROD_1472,Progressive discrete artificial intelligence,Clothing,7.48,True
PROD_1473,Diverse zero tolerance Local Area Network,Sports,248.5,True
PROD_1474,Multi-layered dedicated frame,Beauty,54.58,True
PROD_1475,Down-sized fault-tolerant info-mediaries,Beauty,218.73,True
PROD_1476,Balanced local leverage,Sports,237.88,False
PROD_1477,Persevering stable project,Sports,264.97,False
PROD_1478,Open-architected analyzing portal,Home & Kitchen,61.39,False
PROD_1479,Virtual motivating middleware,Home & Kitchen,155.78,True
PROD_1480,Expanded zero-defect superstructure,Home & Kitchen,278.7,True
PROD_1481,Digitized tertiary application,Sports,99.31,True
PROD_1482,Devolved object-oriented array,Sports,190.96,True
PROD_1483,Re-engineered zero administration focus group,Beauty,270.7,True
PROD_1484,Multi-tiered impactful parallelism,Beauty,208.69,True
PROD_1485,Open-source global help-desk,Electronics,162.49,True
PROD_1486,Multi-tiered even-keeled task-force,Home & Kitchen,148.34,True
PROD_1487,Customer-focused 24/7 help-desk,Home & Kitchen,294.66,False
PROD_1488,Realigned uniform function,Electronics,49.79,True
PROD_1489,User-friendly solution-oriented help-desk,Clothing,286.13,True
PROD_1490,Ergonomic fault-tolerant superstructure,Clothing,176.18,True
PROD_1491,Diverse non-volatile circuit,Electronics,206.08,False
PROD_1492,Profit-focused attitude-oriented knowledge user,Beauty,225.32,True
PROD_1493,Devolved background service-desk,Electronics,201.14,True
PROD_1494,Robust upward-trending emulation,Sports,36.79,True
PROD_1495,Triple-buffered disintermediate framework,Home & Kitchen,198.64,True
PROD_1496,Business-focused dynamic Graphical User Interface,Electronics,147.74,True
PROD_1497,Realigned real-time implementation,Home & Kitchen,116.29,True
PROD_1498,Progressive foreground initiative,Home & Kitchen,162.26,True
PROD_1499,Focused eco-centric interface,Clothing,133.94,False
PROD_1500,Compatible methodical customer loyalty,Beauty,65.2,True
PROD_1501,Diverse multi-state moderator,Sports,30.54,True
PROD_1502,Ameliorated tangible moderator,Beauty,169.87,True
PROD_1503,User-friendly real-time extranet,Clothing,238.53,False
PROD_1504,Exclusive responsive instruction set,Beauty,134.93,True
PROD_1505,Up-sized mission-critical utilization,Clothing,7.4,True
PROD_1506,Managed interactive methodology,Home & Kitchen,89.05,True
PROD_1507,Customer-focused global paradigm,Clothing,22.12,True
PROD_1508,Grass-roots 24hour circuit,Beauty,7.98,True
PROD_1509,Pre-emptive executive help-desk,Beauty,8.4,True
PROD_1510,Fully-configurable asymmetric framework,Clothing,243.48,True
PROD_1511,Public-key solution-oriented projection,Sports,115.73,True
PROD_1512,Operative neutral collaboration,Clothing,133.31,True
PROD_1513,Profit-focused zero tolerance interface,Clothing,187.11,True
PROD_1514,Future-proofed full-range model,Electronics,95.29,True
PROD_1515,Persevering secondary instruction set,Home & Kitchen,221.27,True
PROD_1516,Automated encompassing data-warehouse,Sports,151.23,False
PROD_1517,Right-sized multi-state definition,Beauty,204.27,True
PROD_1518,Customer-focused actuating intranet,Clothing,8.55,False
PROD_1519,Centralized didactic approach,Electronics,32.9,False
PROD_1520,Multi-channeled optimal interface,Beauty,85.65,False
PROD_1521,Seamless tertiary Graphical User Interface,Sports,178.94,True
PROD_1522,Diverse web-enabled secured line,Beauty,149.24,False
PROD_1523,Realigned scalable architecture,Sports,177.38,True
PROD_1524,Balanced didactic paradigm,Clothing,7.29,True
PROD_1525,Innovative client-driven focus group,Sports,239.03,True
PROD_1526,Future-proofed analyzing matrix,Sports,168.91,False
PROD_1527,User-centric transitional open architecture,Home & Kitchen,234.63,True
PROD_1528,Cross-platform holistic concept,Beauty,70.91,False
PROD_1529,Phased holistic model,Clothing,202.91,True
PROD_1530,De-engineered fresh-thinking architecture,Sports,95.78,True
PROD_1531,Multi-layered heuristic productivity,Clothing,205.81,True
PROD_1532,Multi-tiered web-enabled application,Home & Kitchen,123.71,True
PROD_1533,Managed well-modulated alliance,Electronics,142.03,False
PROD_1534,Down-sized impactful customer loyalty,Clothing,91.99,True
PROD_1535,Robust heuristic Internet solution,Sports,229.15,True
PROD_1536,Re-engineered client-server extranet,Beauty,248.32,False
PROD_1537,User-centric disintermediate policy,Sports,216.19,True
PROD_1538,Quality-focused zero tolerance definition,Beauty,38.55,True
PROD_1539,Assimilated 24/7 knowledge user,Electronics,131.23,True
PROD_1540,Triple-buffered maximized synergy,Sports,247.33,False
PROD_1541,Extended scalable knowledgebase,Home & Kitchen,147.39,True
PROD_1542,Public-key intermediate toolset,Electronics,135.64,True
PROD_1543,De-engineered multi-state approach,Sports,17.74,False
PROD_1544,Open-source national benchmark,Clothing,274.97,False
PROD_1545,Face-to-face executive projection,Sports,221.45,False
PROD_1546,Object-based static paradigm,Clothing,183.61,False
PROD_1547,Grass-roots value-added emulation,Sports,123.25,True
PROD_1548,Inverse methodical conglomeration,Clothing,127.96,False
PROD_1549,Automated coherent matrix,Electronics,110.75,True
PROD_1550,Cross-platform asynchronous projection,Beauty,203.4,False
PROD_1551,Configurable foreground migration,Home & Kitchen,20.91,True
PROD_1552,Re-contextualized dynamic challenge,Electronics,241.88,True
PROD_1553,Polarized asynchronous task-force,Clothing,256.74,False
PROD_1554,Synergized non-volatile neural-net,Home & Kitchen,203.16,True
PROD_1555,Multi-layered multimedia forecast,Beauty,90.05,False
PROD_1556,Decentralized asynchronous product,Clothing,66.62,True
PROD_1557,Realigned client-server firmware,Home & Kitchen,15.13,True
PROD_1558,Triple-buffered discrete workforce,Beauty,120.22,True
PROD_1559,Distributed global customer loyalty,Home & Kitchen,238.73,True
PROD_1560,Inverse high-level hierarchy,Clothing,269.19,True
PROD_1561,Managed client-server interface,Clothing,299.94,False
PROD_1562,Polarized neutral parallelism,Electronics,62.89,True
PROD_1563,Fully-configurable zero tolerance moratorium,Home & Kitchen,173.62,True
PROD_1564,Synchronized web-enabled application,Electronics,183.96,True
PROD_1565,Open-source background hardware,Clothing,293.62,True
PROD_1566,Networked attitude-oriented Graphic Interface,Electronics,79.29,False
PROD_1567,Multi-tiered web-enabled adapter,Clothing,58.56,False
PROD_1568,Function-based 3rdgeneration Graphical User Interface,Home & Kitchen,109.6,True
PROD_1569,Secured zero tolerance software,Sports,49.78,True
PROD_1570,Progressive 24/7 middleware,Clothing,51.53,False
PROD_1571,Cross-platform foreground Internet solution,Beauty,48.57,True
PROD_1572,Optimized executive interface,Beauty,190.31,True
PROD_1573,Centralized 3rdgeneration alliance,Electronics,97.14,False
PROD_1574,Stand-alone hybrid circuit,Sports,255.03,True
PROD_1575,Synchronized zero administration functionalities,Home & Kitchen,63.74,False
PROD_1576,Front-line even-keeled array,Electronics,251.21,True
PROD_1577,Team-oriented reciprocal database,Beauty,242.36,True
PROD_1578,Advanced dedicated core,Clothing,95.8,True
PROD_1579,Assimilated upward-trending toolset,Sports,119.17,False
PROD_1580,Reduced uniform extranet,Electronics,81.13,True
PROD_1581,Visionary real-time leverage,Clothing,158.33,True
PROD_1582,Cross-group disintermediate hardware,Home & Kitchen,46.24,True
PROD_1583,Optimized modular customer loyalty,Home & Kitchen,70.15,True
PROD_1584,Streamlined grid-enabled contingency,Electronics,178.68,True
PROD_1585,Object-based impactful circuit,Home & Kitchen,73.6,True
PROD_1586,Multi-tiered leadingedge extranet,Clothing,202.99,True
PROD_1587,Expanded demand-driven superstructure,Home & Kitchen,211.18,True
PROD_1588,Customer-focused system-worthy application,Home & Kitchen,105.89,False
PROD_1589,Digitized asynchronous matrices,Home & Kitchen,102.11,True
PROD_1590,Face-to-face systemic collaboration,Sports,138.67,True
PROD_1591,Re-engineered web-enabled emulation,Electronics,247.49,True
PROD_1592,Right-sized interactive ability,Electronics,284.28,True
PROD_1593,Total contextually-based contingency,Electronics,280.65,True
PROD_1594,Open-source static standardization,Clothing,234.24,True
PROD_1595,Intuitive needs-based parallelism,Beauty,223.72,True
PROD_1596,Progressive asynchronous parallelism,Electronics,105.07,False
PROD_1597,Down-sized tangible flexibility,Home & Kitchen,16.25,True
PROD_1598,Optional object-oriented software,Sports,232.86,True
PROD_1599,Fully-configurable incremental process improvement,Clothing,113.84,False
PROD_1600,User-centric next generation alliance,Home & Kitchen,48.76,True
PROD_1601,Function-based didactic contingency,Electronics,237.66,False
PROD_1602,Right-sized hybrid functionalities,Clothing,45.81,True
PROD_1603,Integrated empowering hierarchy,Electronics,63.42,False
PROD_1604,Decentralized intermediate pricing structure,Home & Kitchen,61.63,True
PROD_1605,Fundamental non-volatile open system,Electronics,52.73,True
PROD_1606,Stand-alone discrete data-warehouse,Sports,182.43,True
PROD_1607,Multi-tiered dynamic emulation,Sports,228.8,False
PROD_1608,De-engineered static alliance,Home & Kitchen,168.48,True
PROD_1609,Triple-buffered 24/7 adapter,Sports,254.25,True
PROD_1610,Multi-layered 4thgeneration paradigm,Electronics,78.61,True
PROD_1611,Future-proofed dedicated core,Beauty,93.76,True
PROD_1612,Optimized modular standardization,Sports,115.12,False
PROD_1613,Fully-configurable transitional Graphical User Interface,Sports,222.39,True
PROD_1614,Streamlined 3rdgeneration support,Sports,36.66,True
PROD_1615,Optimized full-range parallelism,Home & Kitchen,27.02,True
PROD_1616,Polarized upward-trending ability,Beauty,250.33,True
PROD_1617,Proactive context-sensitive solution,Clothing,85.81,True
PROD_1618,Open-source optimizing benchmark,Clothing,51.82,True
PROD_1619,Virtual national infrastructure,Beauty,201.62,True
PROD_1620,Realigned uniform software,Clothing,191.69,True
PROD_1621,Function-based cohesive Local Area Network,Sports,234.81,True
PROD_1622,Reduced national info-mediaries,Electronics,101.7,True
PROD_1623,Vision-oriented cohesive intranet,Beauty,262.49,True
PROD_1624,Stand-alone 3rdgeneration task-force,Electronics,77.69,False
PROD_1625,Quality-focused demand-driven encryption,Home & Kitchen,183.63,False
PROD_1626,Sharable tertiary workforce,Electronics,74.32,True
PROD_1627,Persistent responsive protocol,Beauty,217.34,True
PROD_1628,Persevering holistic frame,Clothing,56.05,True
PROD_1629,Enterprise-wide 6thgeneration core,Home & Kitchen,35.36,True
PROD_1630,Optional fresh-thinking knowledgebase,Clothing,132.88,False
PROD_1631,Exclusive national definition,Clothing,270.14,True
PROD_1632,Distributed reciprocal paradigm,Electronics,58.48,False
PROD_1633,Diverse logistical productivity,Home & Kitchen,82.58,False
PROD_1634,Progressive secondary leverage,Electronics,185.98,True
PROD_1635,Sharable holistic workforce,Electronics,68.57,False
PROD_1636,Extended zero-defect benchmark,Electronics,90.66,True
PROD_1637,Function-based didactic forecast,Home & Kitchen,280.96,True
PROD_1638,Reduced client-server array,Electronics,57.03,True
PROD_1639,Reverse-engineered contextually-based projection,Home & Kitchen,72.74,True
PROD_1640,Polarized web-enabled frame,Clothing,154.15,True
PROD_1641,Grass-roots foreground superstructure,Sports,203.93,False
PROD_1642,Multi-tiered zero tolerance help-desk,Beauty,120.4,False
PROD_1643,Public-key homogeneous concept,Beauty,107.21,True
PROD_1644,Organic eco-centric open system,Sports,44.27,True
PROD_1645,Centralized local process improvement,Home & Kitchen,286.46,True
PROD_1646,Organic 6thgeneration capacity,Sports,159.05,True
PROD_1647,Right-sized well-modulated middleware,Clothing,253.08,False
PROD_1648,Enhanced zero tolerance utilization,Home & Kitchen,142.47,True
PROD_1649,Compatible empowering intranet,Home & Kitchen,119.58,False
PROD_1650,Sharable content-based architecture,Clothing,207.4,False
PROD_1651,Self-enabling system-worthy product,Home & Kitchen,87.22,True
PROD_1652,Multi-lateral attitude-oriented attitude,Home & Kitchen,237.43,False
PROD_1653,Vision-oriented zero tolerance array,Clothing,183.26,False
PROD_1654,Diverse mobile pricing structure,Beauty,117.02,True
PROD_1655,Implemented global concept,Home & Kitchen,25.28,True
PROD_1656,Managed intangible policy,Electronics,80.46,True
PROD_1657,Innovative non-volatile installation,Clothing,262.79,True
PROD_1658,Implemented national projection,Beauty,95.8,True
PROD_1659,Integrated composite forecast,Beauty,159.4,True
PROD_1660,User-centric uniform benchmark,Beauty,264.17,False
PROD_1661,Devolved object-oriented functionalities,Beauty,114.66,True
PROD_1662,Reactive full-range info-mediaries,Electronics,40.31,True
PROD_1663,Profit-focused needs-based orchestration,Beauty,296.81,True
PROD_1664,Enterprise-wide composite circuit,Sports,203.89,True
PROD_1665,Function-based multimedia knowledgebase,Electronics,74.25,True
PROD_1666,Assimilated context-sensitive access,Sports,295.01,False
PROD_1667,Team-oriented secondary interface,Beauty,47.29,False
PROD_1668,Team-oriented even-keeled ability,Home & Kitchen,66.08,False
PROD_1669,Quality-focused object-oriented instruction set,Clothing,37.06,True
PROD_1670,Multi-tiered intermediate encryption,Clothing,297.89,True
PROD_1671,Streamlined grid-enabled system engine,Electronics,131.92,True
PROD_1672,Switchable tertiary Graphic Interface,Sports,274.91,True
PROD_1673,Synergistic web-enabled emulation,Beauty,49.35,False
PROD_1674,Optimized foreground paradigm,Clothing,109.82,False
PROD_1675,Reverse-engineered encompassing service-desk,Electronics,8.44,True
PROD_1676,Front-line zero-defect interface,Electronics,109.79,False
PROD_1677,Phased foreground pricing structure,Sports,228.86,False
PROD_1678,Switchable bottom-line leverage,Beauty,110.68,True
PROD_1679,Profound global Internet solution,Sports,96.01,True
PROD_1680,Multi-channeled non-volatile flexibility,Sports,140.86,True
PROD_1681,Decentralized intangible data-warehouse,Beauty,298.53,False
PROD_1682,Future-proofed mission-critical capacity,Beauty,260.25,True
PROD_1683,Reactive coherent open system,Home & Kitchen,119.69,False
PROD_1684,Digitized multi-state success,Home & Kitchen,229.29,True
PROD_1685,Seamless zero administration database,Electronics,116.9,True
PROD_1686,Progressive non-volatile benchmark,Clothing,261.23,False
PROD_1687,Upgradable methodical customer loyalty,Beauty,259.9,True
PROD_1688,Progressive multi-tasking infrastructure,Home & Kitchen,207.18,True
PROD_1689,Robust demand-driven superstructure,Home & Kitchen,284.48,True
PROD_1690,Cross-group multi-tasking functionalities,Sports,46.03,True
PROD_1691,Digitized context-sensitive customer loyalty,Clothing,178.5,False
PROD_1692,De-engineered content-based firmware,Clothing,53.99,True
PROD_1693,Automated bifurcated task-force,Beauty,224.17,False
PROD_1694,Extended maximized paradigm,Home & Kitchen,194.11,True
PROD_1695,Secured optimizing matrix,Sports,42.87,True
PROD_1696,Progressive secondary process improvement,Beauty,160.05,False
PROD_1697,Future-proofed web-enabled toolset,Electronics,46.14,True
PROD_1698,Reactive bandwidth-monitored projection,Sports,264.22,True
PROD_1699,Face-to-face asynchronous moderator,Electronics,25.25,True
PROD_1700,User-friendly upward-trending adapter,Electronics,114.65,True
PROD_1701,Balanced contextually-based leverage,Home & Kitchen,281.13,True
PROD_1702,Multi-layered web-enabled infrastructure,Home & Kitchen,276.64,True
PROD_1703,Realigned 6thgeneration productivity,Clothing,34.58,True
PROD_1704,Advanced tertiary model,Sports,225.17,True
PROD_1705,Polarized asymmetric time-frame,Electronics,198.34,True
PROD_1706,Automated holistic matrix,Sports,277.83,False
PROD_1707,Persevering exuding complexity,Home & Kitchen,119.54,False
PROD_1708,Pre-emptive radical hierarchy,Electronics,115.44,True
PROD_1709,Multi-channeled dynamic artificial intelligence,Clothing,200.5,True
PROD_1710,Digitized cohesive Local Area Network,Beauty,94.64,True
PROD_1711,Synergized exuding challenge,Electronics,110.4,True
PROD_1712,Realigned responsive leverage,Sports,181.59,False
PROD_1713,Devolved analyzing focus group,Clothing,286.79,True
PROD_1714,Phased optimal array,Electronics,134.82,True
PROD_1715,Versatile well-modulated Graphic Interface,Electronics,196.05,False
PROD_1716,Reactive object-oriented workforce,Home & Kitchen,266.65,True
PROD_1717,Fundamental national Graphic Interface,Beauty,43.28,False
PROD_1718,Automated didactic synergy,Home & Kitchen,21.35,True
PROD_1719,Profit-focused content-based pricing structure,Electronics,6.74,True
PROD_1720,Face-to-face content-based toolset,Beauty,6.66,True
PROD_1721,Customer-focused asymmetric process improvement,Clothing,171.91,True
PROD_1722,Triple-buffered object-oriented paradigm,Electronics,248.59,False
PROD_1723,Fully-configurable intangible success,Beauty,150.56,False
PROD_1724,Organic multi-state contingency,Clothing,25.2,True
PROD_1725,Advanced intangible capacity,Electronics,48.93,True
PROD_1726,Phased homogeneous hardware,Sports,281.41,True
PROD_1727,Diverse incremental website,Electronics,203.81,False
PROD_1728,Distributed mission-critical info-mediaries,Electronics,100.26,True
PROD_1729,Seamless zero administration functionalities,Home & Kitchen,164.07,False
PROD_1730,Public-key intangible project,Beauty,221.06,True
PROD_1731,Public-key 24/7 collaboration,Beauty,114.88,True
PROD_1732,Multi-layered bi-directional intranet,Sports,73.03,True
PROD_1733,Re-engineered secondary utilization,Clothing,176.47,True
PROD_1734,Sharable 24hour methodology,Electronics,234.78,True
PROD_1735,Organized clear-thinking focus group,Electronics,249.68,True
PROD_1736,Mandatory disintermediate synergy,Sports,52.19,False
PROD_1737,Total executive open system,Electronics,89.91,False
PROD_1738,Fully-configurable 4thgeneration software,Home & Kitchen,180.68,True
PROD_1739,User-centric tertiary policy,Beauty,230.63,False
PROD_1740,Visionary system-worthy budgetary management,Sports,226.97,True
PROD_1741,Secured multimedia collaboration,Sports,40.91,False
PROD_1742,Balanced responsive Internet solution,Beauty,88.95,True
PROD_1743,Public-key interactive algorithm,Electronics,234.85,True
PROD_1744,Persistent real-time customer loyalty,Home & Kitchen,167.56,True
PROD_1745,Stand-alone contextually-based core,Clothing,36.89,True
PROD_1746,Self-enabling asymmetric groupware,Sports,36.82,True
PROD_1747,Advanced systemic migration,Beauty,90.1,True
PROD_1748,Re-engineered coherent database,Sports,201.45,True
PROD_1749,Visionary executive success,Clothing,29.09,False
PROD_1750,Adaptive composite hierarchy,Electronics,249.56,True
PROD_1751,Advanced needs-based ability,Clothing,252.36,True
PROD_1752,Quality-focused didactic parallelism,Home & Kitchen,122.62,True
PROD_1753,Customer-focused empowering productivity,Electronics,266.03,True
PROD_1754,Visionary web-enabled moderator,Sports,70.68,True
PROD_1755,Open-source 3rdgeneration software,Electronics,178.47,True
PROD_1756,Realigned clear-thinking architecture,Home & Kitchen,147.74,True
PROD_1757,Progressive systemic help-desk,Electronics,199.22,False
PROD_1758,Advanced holistic interface,Sports,290.05,False
PROD_1759,Streamlined cohesive core,Beauty,176.72,False
PROD_1760,Monitored asymmetric productivity,Electronics,116.31,True
PROD_1761,Devolved bottom-line matrices,Clothing,216.86,True
PROD_1762,Polarized disintermediate conglomeration,Beauty,266.63,True
PROD_1763,Programmable regional complexity,Clothing,73.64,True
PROD_1764,Front-line bifurcated open system,Beauty,249.26,True
PROD_1765,Upgradable clear-thinking strategy,Electronics,77.85,True
PROD_1766,Cloned optimizing challenge,Sports,87.91,True
PROD_1767,Vision-oriented impactful function,Clothing,192.74,False
PROD_1768,Automated local throughput,Beauty,174.99,True
PROD_1769,Ergonomic logistical hardware,Sports,108.29,True
PROD_1770,Progressive high-level superstructure,Electronics,61.68,True
PROD_1771,Operative scalable help-desk,Home & Kitchen,281.69,True
PROD_1772,Managed eco-centric application,Beauty,6.86,True
PROD_1773,Devolved incremental paradigm,Clothing,99.76,True
PROD_1774,Progressive bifurcated help-desk,Electronics,204.61,False
PROD_1775,Fundamental impactful challenge,Electronics,191.38,True
PROD_1776,Optional clear-thinking knowledge user,Beauty,165.56,True
PROD_1777,Public-key tangible paradigm,Electronics,166.67,False
PROD_1778,Horizontal upward-trending focus group,Sports,31.67,False
PROD_1779,Future-proofed grid-enabled frame,Home & Kitchen,223.21,True
PROD_1780,Proactive actuating conglomeration,Clothing,231.21,True
PROD_1781,Assimilated responsive success,Sports,32.78,True
PROD_1782,Down-sized full-range hierarchy,Home & Kitchen,53.21,True
PROD_1783,Mandatory background customer loyalty,Electronics,251.06,True
PROD_1784,Customer-focused demand-driven service-desk,Home & Kitchen,251.64,False
PROD_1785,Synergized bandwidth-monitored portal,Electronics,101.56,True
PROD_1786,Re-contextualized 24/7 hub,Beauty,207.94,False
PROD_1787,Reverse-engineered object-oriented service-desk,Beauty,141.23,True
PROD_1788,Automated 3rdgeneration capability,Beauty,276.68,False
PROD_1789,Reduced static toolset,Electronics,177.29,True
PROD_1790,Intuitive discrete function,Sports,78.31,True
PROD_1791,Total 3rdgeneration functionalities,Beauty,175.94,True
PROD_1792,Focused national success,Clothing,128.59,False
PROD_1793,Object-based mobile model,Home & Kitchen,86.87,False
PROD_1794,Multi-tiered impactful functionalities,Sports,112.63,True
PROD_1795,Vision-oriented attitude-oriented definition,Beauty,175.93,True
PROD_1796,Stand-alone bifurcated middleware,Sports,120.55,True
PROD_1797,Streamlined non-volatile infrastructure,Clothing,245.75,False
PROD_1798,Persevering multimedia framework,Home & Kitchen,65.62,True
PROD_1799,Inverse responsive Graphic Interface,Beauty,53.28,True
